龙江秀水园一期,/home/sk/lian_jia_data/report_form/city/xian/region/gaoling1/龙江秀水园一期.html
水榭中央领地,/home/sk/lian_jia_data/report_form/city/xian/region/gaoling1/水榭中央领地.html
水榭名都,/home/sk/lian_jia_data/report_form/city/xian/region/gaoling1/水榭名都.html
渭城风景,/home/sk/lian_jia_data/report_form/city/xian/region/gaoling1/渭城风景.html
恒鑫幸福源,/home/sk/lian_jia_data/report_form/city/xian/region/gaoling1/恒鑫幸福源.html
爱尚泾渭,/home/sk/lian_jia_data/report_form/city/xian/region/gaoling1/爱尚泾渭.html
白桦林家愿,/home/sk/lian_jia_data/report_form/city/xian/region/gaoling1/白桦林家愿.html
天下荣郡,/home/sk/lian_jia_data/report_form/city/xian/region/gaoling1/天下荣郡.html
水榭花都,/home/sk/lian_jia_data/report_form/city/xian/region/gaoling1/水榭花都.html
北城新天地,/home/sk/lian_jia_data/report_form/city/xian/region/gaoling1/北城新天地.html
泾渭上城,/home/sk/lian_jia_data/report_form/city/xian/region/gaoling1/泾渭上城.html
金陵花园,/home/sk/lian_jia_data/report_form/city/xian/region/gaoling1/金陵花园.html
泉顺北岸生活,/home/sk/lian_jia_data/report_form/city/xian/region/gaoling1/泉顺北岸生活.html
泾渭·龙泽苑,/home/sk/lian_jia_data/report_form/city/xian/region/gaoling1/泾渭·龙泽苑.html
天正花园,/home/sk/lian_jia_data/report_form/city/xian/region/gaoling1/天正花园.html
大唐壹號,/home/sk/lian_jia_data/report_form/city/xian/region/gaoling1/大唐壹號.html
羣賢北府,/home/sk/lian_jia_data/report_form/city/xian/region/gaoling1/羣賢北府.html
天正银河湾,/home/sk/lian_jia_data/report_form/city/xian/region/gaoling1/天正银河湾.html
上上公馆,/home/sk/lian_jia_data/report_form/city/xian/region/gaoling1/上上公馆.html
天湖名郡,/home/sk/lian_jia_data/report_form/city/xian/region/gaoling1/天湖名郡.html
水半湾,/home/sk/lian_jia_data/report_form/city/xian/region/gaoling1/水半湾.html
雍河院,/home/sk/lian_jia_data/report_form/city/xian/region/gaoling1/雍河院.html
学林花园西区,/home/sk/lian_jia_data/report_form/city/xian/region/gaoling1/学林花园西区.html
泾渭明珠小区,/home/sk/lian_jia_data/report_form/city/xian/region/gaoling1/泾渭明珠小区.html
泾渭华府,/home/sk/lian_jia_data/report_form/city/xian/region/gaoling1/泾渭华府.html
学林花园东区,/home/sk/lian_jia_data/report_form/city/xian/region/gaoling1/学林花园东区.html
渭水茗居,/home/sk/lian_jia_data/report_form/city/xian/region/gaoling1/渭水茗居.html
泾渭苑一区,/home/sk/lian_jia_data/report_form/city/xian/region/gaoling1/泾渭苑一区.html
维也纳森林,/home/sk/lian_jia_data/report_form/city/xian/region/gaoling1/维也纳森林.html
唐品A,/home/sk/lian_jia_data/report_form/city/xian/region/gaoling1/唐品A.html
车城温泉花园,/home/sk/lian_jia_data/report_form/city/xian/region/gaoling1/车城温泉花园.html
水岸明珠,/home/sk/lian_jia_data/report_form/city/xian/region/gaoling1/水岸明珠.html
雍河院岸恋,/home/sk/lian_jia_data/report_form/city/xian/region/gaoling1/雍河院岸恋.html
汇鑫群贤北府,/home/sk/lian_jia_data/report_form/city/xian/region/gaoling1/汇鑫群贤北府.html
荟金梦想家,/home/sk/lian_jia_data/report_form/city/xian/region/gaoling1/荟金梦想家.html
水岸花城,/home/sk/lian_jia_data/report_form/city/xian/region/gaoling1/水岸花城.html
暻秀天下,/home/sk/lian_jia_data/report_form/city/xian/region/gaoling1/暻秀天下.html
店子王生态家园,/home/sk/lian_jia_data/report_form/city/xian/region/gaoling1/店子王生态家园.html
北方融城,/home/sk/lian_jia_data/report_form/city/xian/region/gaoling1/北方融城.html
大唐新干线,/home/sk/lian_jia_data/report_form/city/xian/region/gaoling1/大唐新干线.html
半岛安纳西,/home/sk/lian_jia_data/report_form/city/xian/region/gaoling1/半岛安纳西.html
宝管同馨苑,/home/sk/lian_jia_data/report_form/city/xian/region/gaoling1/宝管同馨苑.html
锦绣苑,/home/sk/lian_jia_data/report_form/city/xian/region/gaoling1/锦绣苑.html
颐和盛世,/home/sk/lian_jia_data/report_form/city/xian/region/gaoling1/颐和盛世.html
美郡嘉年华,/home/sk/lian_jia_data/report_form/city/xian/region/gaoling1/美郡嘉年华.html
东方米兰国际城,/home/sk/lian_jia_data/report_form/city/xian/region/yanta/东方米兰国际城.html
曲江大观园,/home/sk/lian_jia_data/report_form/city/xian/region/yanta/曲江大观园.html
伟业公馆,/home/sk/lian_jia_data/report_form/city/xian/region/yanta/伟业公馆.html
融侨城,/home/sk/lian_jia_data/report_form/city/xian/region/yanta/融侨城.html
中海御湖,/home/sk/lian_jia_data/report_form/city/xian/region/yanta/中海御湖.html
天豪花园,/home/sk/lian_jia_data/report_form/city/xian/region/yanta/天豪花园.html
枫林绿洲,/home/sk/lian_jia_data/report_form/city/xian/region/yanta/枫林绿洲.html
怡兴大厦,/home/sk/lian_jia_data/report_form/city/xian/region/yanta/怡兴大厦.html
中国铁建国际城,/home/sk/lian_jia_data/report_form/city/xian/region/yanta/中国铁建国际城.html
高新枫叶新都市,/home/sk/lian_jia_data/report_form/city/xian/region/yanta/高新枫叶新都市.html
曲江千林郡,/home/sk/lian_jia_data/report_form/city/xian/region/yanta/曲江千林郡.html
兰泰花园,/home/sk/lian_jia_data/report_form/city/xian/region/yanta/兰泰花园.html
九形道,/home/sk/lian_jia_data/report_form/city/xian/region/yanta/九形道.html
紫薇花园,/home/sk/lian_jia_data/report_form/city/xian/region/yanta/紫薇花园.html
绿地国际花都,/home/sk/lian_jia_data/report_form/city/xian/region/yanta/绿地国际花都.html
万科金域曲江一期,/home/sk/lian_jia_data/report_form/city/xian/region/yanta/万科金域曲江一期.html
朗郡水木兰亭,/home/sk/lian_jia_data/report_form/city/xian/region/yanta/朗郡水木兰亭.html
曲江明珠,/home/sk/lian_jia_data/report_form/city/xian/region/yanta/曲江明珠.html
金地西沣公元,/home/sk/lian_jia_data/report_form/city/xian/region/yanta/金地西沣公元.html
高新水晶城,/home/sk/lian_jia_data/report_form/city/xian/region/yanta/高新水晶城.html
曲江海天华庭,/home/sk/lian_jia_data/report_form/city/xian/region/yanta/曲江海天华庭.html
新一代国际公寓,/home/sk/lian_jia_data/report_form/city/xian/region/yanta/新一代国际公寓.html
绿地与湖,/home/sk/lian_jia_data/report_form/city/xian/region/yanta/绿地与湖.html
融侨馨苑,/home/sk/lian_jia_data/report_form/city/xian/region/yanta/融侨馨苑.html
龙城铭园一期,/home/sk/lian_jia_data/report_form/city/xian/region/yanta/龙城铭园一期.html
枫叶苑南区,/home/sk/lian_jia_data/report_form/city/xian/region/yanta/枫叶苑南区.html
蓝溪都市花园,/home/sk/lian_jia_data/report_form/city/xian/region/yanta/蓝溪都市花园.html
翔园,/home/sk/lian_jia_data/report_form/city/xian/region/yanta/翔园.html
海佳云顶,/home/sk/lian_jia_data/report_form/city/xian/region/yanta/海佳云顶.html
紫薇曲江意境,/home/sk/lian_jia_data/report_form/city/xian/region/yanta/紫薇曲江意境.html
中建国熙台,/home/sk/lian_jia_data/report_form/city/xian/region/yanta/中建国熙台.html
绿地曲江名城,/home/sk/lian_jia_data/report_form/city/xian/region/yanta/绿地曲江名城.html
万国花园,/home/sk/lian_jia_data/report_form/city/xian/region/yanta/万国花园.html
仕嘉公寓A区（绿地世纪城）,/home/sk/lian_jia_data/report_form/city/xian/region/yanta/仕嘉公寓A区（绿地世纪城）.html
中国铁建瑞园,/home/sk/lian_jia_data/report_form/city/xian/region/yanta/中国铁建瑞园.html
易道郡玫瑰公馆一期,/home/sk/lian_jia_data/report_form/city/xian/region/yanta/易道郡玫瑰公馆一期.html
金地湖城大境天锦,/home/sk/lian_jia_data/report_form/city/xian/region/yanta/金地湖城大境天锦.html
天地源曲江香都,/home/sk/lian_jia_data/report_form/city/xian/region/yanta/天地源曲江香都.html
欣景苑,/home/sk/lian_jia_data/report_form/city/xian/region/yanta/欣景苑.html
数字生活,/home/sk/lian_jia_data/report_form/city/xian/region/yanta/数字生活.html
西京社区西区,/home/sk/lian_jia_data/report_form/city/xian/region/yanta/西京社区西区.html
阳光小区沁园社区,/home/sk/lian_jia_data/report_form/city/xian/region/yanta/阳光小区沁园社区.html
复地优尚国际二期,/home/sk/lian_jia_data/report_form/city/xian/region/yanta/复地优尚国际二期.html
招商依云曲江,/home/sk/lian_jia_data/report_form/city/xian/region/yanta/招商依云曲江.html
鸿基紫韵,/home/sk/lian_jia_data/report_form/city/xian/region/yanta/鸿基紫韵.html
金泰假日花城,/home/sk/lian_jia_data/report_form/city/xian/region/yanta/金泰假日花城.html
暖山西安,/home/sk/lian_jia_data/report_form/city/xian/region/yanta/暖山西安.html
泰祥花园,/home/sk/lian_jia_data/report_form/city/xian/region/yanta/泰祥花园.html
大丰真境,/home/sk/lian_jia_data/report_form/city/xian/region/yanta/大丰真境.html
融创天朗珑府,/home/sk/lian_jia_data/report_form/city/xian/region/yanta/融创天朗珑府.html
满堂悦MOMA,/home/sk/lian_jia_data/report_form/city/xian/region/yanta/满堂悦MOMA.html
新西蓝二期,/home/sk/lian_jia_data/report_form/city/xian/region/yanta/新西蓝二期.html
枫叶广场,/home/sk/lian_jia_data/report_form/city/xian/region/yanta/枫叶广场.html
凯旋广场,/home/sk/lian_jia_data/report_form/city/xian/region/yanta/凯旋广场.html
中建群贤汇,/home/sk/lian_jia_data/report_form/city/xian/region/yanta/中建群贤汇.html
航天科工二一〇所生活一区,/home/sk/lian_jia_data/report_form/city/xian/region/yanta/航天科工二一〇所生活一区.html
天正幸福里,/home/sk/lian_jia_data/report_form/city/xian/region/yanta/天正幸福里.html
唐沣国际广场,/home/sk/lian_jia_data/report_form/city/xian/region/yanta/唐沣国际广场.html
融创天朗融公馆,/home/sk/lian_jia_data/report_form/city/xian/region/yanta/融创天朗融公馆.html
高新枫尚,/home/sk/lian_jia_data/report_form/city/xian/region/yanta/高新枫尚.html
长延居,/home/sk/lian_jia_data/report_form/city/xian/region/yanta/长延居.html
融尚中央住区,/home/sk/lian_jia_data/report_form/city/xian/region/yanta/融尚中央住区.html
小悉尼自由岛,/home/sk/lian_jia_data/report_form/city/xian/region/yanta/小悉尼自由岛.html
华府新桃园,/home/sk/lian_jia_data/report_form/city/xian/region/yanta/华府新桃园.html
金地湖城大境天字一号,/home/sk/lian_jia_data/report_form/city/xian/region/yanta/金地湖城大境天字一号.html
恒大城,/home/sk/lian_jia_data/report_form/city/xian/region/yanta/恒大城.html
试剂厂西院,/home/sk/lian_jia_data/report_form/city/xian/region/yanta/试剂厂西院.html
风度天城,/home/sk/lian_jia_data/report_form/city/xian/region/yanta/风度天城.html
南方星座,/home/sk/lian_jia_data/report_form/city/xian/region/yanta/南方星座.html
紫薇臻品,/home/sk/lian_jia_data/report_form/city/xian/region/yanta/紫薇臻品.html
紫郡长安,/home/sk/lian_jia_data/report_form/city/xian/region/yanta/紫郡长安.html
丰景佳园,/home/sk/lian_jia_data/report_form/city/xian/region/yanta/丰景佳园.html
华城国际小区,/home/sk/lian_jia_data/report_form/city/xian/region/yanta/华城国际小区.html
圣都大厦,/home/sk/lian_jia_data/report_form/city/xian/region/yanta/圣都大厦.html
中海城,/home/sk/lian_jia_data/report_form/city/xian/region/yanta/中海城.html
豪盛时代华城,/home/sk/lian_jia_data/report_form/city/xian/region/yanta/豪盛时代华城.html
丈八东路社区,/home/sk/lian_jia_data/report_form/city/xian/region/yanta/丈八东路社区.html
中海紫御华府,/home/sk/lian_jia_data/report_form/city/xian/region/yanta/中海紫御华府.html
巴厘公馆,/home/sk/lian_jia_data/report_form/city/xian/region/yanta/巴厘公馆.html
中铁尚都城,/home/sk/lian_jia_data/report_form/city/xian/region/yanta/中铁尚都城.html
锦业时代,/home/sk/lian_jia_data/report_form/city/xian/region/yanta/锦业时代.html
万科翡翠天誉,/home/sk/lian_jia_data/report_form/city/xian/region/yanta/万科翡翠天誉.html
雁招小区,/home/sk/lian_jia_data/report_form/city/xian/region/yanta/雁招小区.html
高速太白锦苑,/home/sk/lian_jia_data/report_form/city/xian/region/yanta/高速太白锦苑.html
西整团结小区,/home/sk/lian_jia_data/report_form/city/xian/region/yanta/西整团结小区.html
太白小区,/home/sk/lian_jia_data/report_form/city/xian/region/yanta/太白小区.html
中海凯旋门,/home/sk/lian_jia_data/report_form/city/xian/region/yanta/中海凯旋门.html
天朗蓝湖树,/home/sk/lian_jia_data/report_form/city/xian/region/yanta/天朗蓝湖树.html
中海华庭,/home/sk/lian_jia_data/report_form/city/xian/region/yanta/中海华庭.html
紫薇尚层,/home/sk/lian_jia_data/report_form/city/xian/region/yanta/紫薇尚层.html
中航华府,/home/sk/lian_jia_data/report_form/city/xian/region/yanta/中航华府.html
西安锦都,/home/sk/lian_jia_data/report_form/city/xian/region/yanta/西安锦都.html
华城泊郡,/home/sk/lian_jia_data/report_form/city/xian/region/yanta/华城泊郡.html
金地翔悦天下,/home/sk/lian_jia_data/report_form/city/xian/region/yanta/金地翔悦天下.html
吉祥苑小区,/home/sk/lian_jia_data/report_form/city/xian/region/yanta/吉祥苑小区.html
万家灯火,/home/sk/lian_jia_data/report_form/city/xian/region/yanta/万家灯火.html
天都佳苑,/home/sk/lian_jia_data/report_form/city/xian/region/yanta/天都佳苑.html
我爱我家,/home/sk/lian_jia_data/report_form/city/xian/region/yanta/我爱我家.html
长海大厦,/home/sk/lian_jia_data/report_form/city/xian/region/yanta/长海大厦.html
逸翠园一期,/home/sk/lian_jia_data/report_form/city/xian/region/yanta/逸翠园一期.html
中海碧林湾,/home/sk/lian_jia_data/report_form/city/xian/region/yanta/中海碧林湾.html
天幕阔景,/home/sk/lian_jia_data/report_form/city/xian/region/yanta/天幕阔景.html
万达天樾,/home/sk/lian_jia_data/report_form/city/xian/region/yanta/万达天樾.html
佳欣苑,/home/sk/lian_jia_data/report_form/city/xian/region/yanta/佳欣苑.html
阳光城丽兹公馆,/home/sk/lian_jia_data/report_form/city/xian/region/yanta/阳光城丽兹公馆.html
中华世纪城,/home/sk/lian_jia_data/report_form/city/xian/region/yanta/中华世纪城.html
尚品花都,/home/sk/lian_jia_data/report_form/city/xian/region/yanta/尚品花都.html
御笔华府,/home/sk/lian_jia_data/report_form/city/xian/region/yanta/御笔华府.html
紫竹大厦,/home/sk/lian_jia_data/report_form/city/xian/region/yanta/紫竹大厦.html
莱安逸境,/home/sk/lian_jia_data/report_form/city/xian/region/yanta/莱安逸境.html
逸翠园四期,/home/sk/lian_jia_data/report_form/city/xian/region/yanta/逸翠园四期.html
绿地骊山花城,/home/sk/lian_jia_data/report_form/city/xian/region/lintong/绿地骊山花城.html
行者小区,/home/sk/lian_jia_data/report_form/city/xian/region/lintong/行者小区.html
澜泊湾,/home/sk/lian_jia_data/report_form/city/xian/region/lintong/澜泊湾.html
海轩梦想100,/home/sk/lian_jia_data/report_form/city/xian/region/gaoling1/海轩梦想100.html
当代上品湾ΜΟΜΛ,/home/sk/lian_jia_data/report_form/city/xian/region/gaoling1/当代上品湾ΜΟΜΛ.html
长庆龙凤园,/home/sk/lian_jia_data/report_form/city/xian/region/gaoling1/长庆龙凤园.html
陕汽泾渭国际城,/home/sk/lian_jia_data/report_form/city/xian/region/gaoling1/陕汽泾渭国际城.html
龙江国际城,/home/sk/lian_jia_data/report_form/city/xian/region/gaoling1/龙江国际城.html
乾基九境城,/home/sk/lian_jia_data/report_form/city/xian/region/gaoling1/乾基九境城.html
龙泊湾,/home/sk/lian_jia_data/report_form/city/xian/region/gaoling1/龙泊湾.html
当代惠尔满堂悦MOMΛ,/home/sk/lian_jia_data/report_form/city/xian/region/gaoling1/当代惠尔满堂悦MOMΛ.html
馨苑新世纪,/home/sk/lian_jia_data/report_form/city/xian/region/gaoling1/馨苑新世纪.html
李鑫佳苑,/home/sk/lian_jia_data/report_form/city/xian/region/gaoling1/李鑫佳苑.html
泾渭馨佳苑,/home/sk/lian_jia_data/report_form/city/xian/region/gaoling1/泾渭馨佳苑.html
泾渭分明生态半岛,/home/sk/lian_jia_data/report_form/city/xian/region/gaoling1/泾渭分明生态半岛.html
陕西省总工会家属院(雁塔),/home/sk/lian_jia_data/report_form/city/xian/region/yanta/陕西省总工会家属院(雁塔).html
曲江美好时光,/home/sk/lian_jia_data/report_form/city/xian/region/yanta/曲江美好时光.html
曲江观邸,/home/sk/lian_jia_data/report_form/city/xian/region/yanta/曲江观邸.html
绿地海珀紫庭,/home/sk/lian_jia_data/report_form/city/xian/region/yanta/绿地海珀紫庭.html
联盟新城,/home/sk/lian_jia_data/report_form/city/xian/region/yanta/联盟新城.html
名人居,/home/sk/lian_jia_data/report_form/city/xian/region/yanta/名人居.html
太白新苑,/home/sk/lian_jia_data/report_form/city/xian/region/yanta/太白新苑.html
三迪枫丹,/home/sk/lian_jia_data/report_form/city/xian/region/yanta/三迪枫丹.html
明德门(南东区),/home/sk/lian_jia_data/report_form/city/xian/region/yanta/明德门(南东区).html
曲江风景线,/home/sk/lian_jia_data/report_form/city/xian/region/yanta/曲江风景线.html
大华阳光曼哈顿,/home/sk/lian_jia_data/report_form/city/xian/region/yanta/大华阳光曼哈顿.html
香榭兰廷,/home/sk/lian_jia_data/report_form/city/xian/region/yanta/香榭兰廷.html
龙湖紫都城,/home/sk/lian_jia_data/report_form/city/xian/region/yanta/龙湖紫都城.html
晟方佳苑,/home/sk/lian_jia_data/report_form/city/xian/region/yanta/晟方佳苑.html
枫叶新新家园,/home/sk/lian_jia_data/report_form/city/xian/region/yanta/枫叶新新家园.html
龙天名俊,/home/sk/lian_jia_data/report_form/city/xian/region/yanta/龙天名俊.html
金叶家园,/home/sk/lian_jia_data/report_form/city/xian/region/yanta/金叶家园.html
保利曲江春天里,/home/sk/lian_jia_data/report_form/city/xian/region/yanta/保利曲江春天里.html
枫林华府,/home/sk/lian_jia_data/report_form/city/xian/region/yanta/枫林华府.html
逸翠园二期i都会,/home/sk/lian_jia_data/report_form/city/xian/region/yanta/逸翠园二期i都会.html
雅居乐御宾府,/home/sk/lian_jia_data/report_form/city/xian/region/yanta/雅居乐御宾府.html
西部电子社区,/home/sk/lian_jia_data/report_form/city/xian/region/yanta/西部电子社区.html
高山流水和城,/home/sk/lian_jia_data/report_form/city/xian/region/yanta/高山流水和城.html
明德门5号院,/home/sk/lian_jia_data/report_form/city/xian/region/yanta/明德门5号院.html
乾唐雁月,/home/sk/lian_jia_data/report_form/city/xian/region/yanta/乾唐雁月.html
中国铁建逸园,/home/sk/lian_jia_data/report_form/city/xian/region/yanta/中国铁建逸园.html
万达天樾II期,/home/sk/lian_jia_data/report_form/city/xian/region/yanta/万达天樾II期.html
万科东方传奇,/home/sk/lian_jia_data/report_form/city/xian/region/yanta/万科东方传奇.html
花溪湾,/home/sk/lian_jia_data/report_form/city/xian/region/yanta/花溪湾.html
明德门（南新西区）,/home/sk/lian_jia_data/report_form/city/xian/region/yanta/明德门（南新西区）.html
城市风景夏日景色一期,/home/sk/lian_jia_data/report_form/city/xian/region/yanta/城市风景夏日景色一期.html
天然居二期,/home/sk/lian_jia_data/report_form/city/xian/region/yanta/天然居二期.html
曲江南苑,/home/sk/lian_jia_data/report_form/city/xian/region/yanta/曲江南苑.html
复地优尚国际一期,/home/sk/lian_jia_data/report_form/city/xian/region/yanta/复地优尚国际一期.html
鑫泰园东区,/home/sk/lian_jia_data/report_form/city/xian/region/yanta/鑫泰园东区.html
铂悦,/home/sk/lian_jia_data/report_form/city/xian/region/yanta/铂悦.html
昆明花园,/home/sk/lian_jia_data/report_form/city/xian/region/yanta/昆明花园.html
西勘小区,/home/sk/lian_jia_data/report_form/city/xian/region/yanta/西勘小区.html
皇家公馆,/home/sk/lian_jia_data/report_form/city/xian/region/yanta/皇家公馆.html
万科城市之光,/home/sk/lian_jia_data/report_form/city/xian/region/yanta/万科城市之光.html
曲江翠竹园,/home/sk/lian_jia_data/report_form/city/xian/region/yanta/曲江翠竹园.html
融创天朗西安宸院,/home/sk/lian_jia_data/report_form/city/xian/region/yanta/融创天朗西安宸院.html
海德堡PARK,/home/sk/lian_jia_data/report_form/city/xian/region/yanta/海德堡PARK.html
曲江兰亭,/home/sk/lian_jia_data/report_form/city/xian/region/yanta/曲江兰亭.html
永和璞玉,/home/sk/lian_jia_data/report_form/city/xian/region/yanta/永和璞玉.html
中铁缤纷南郡,/home/sk/lian_jia_data/report_form/city/xian/region/yanta/中铁缤纷南郡.html
东方米兰,/home/sk/lian_jia_data/report_form/city/xian/region/yanta/东方米兰.html
明德8英里,/home/sk/lian_jia_data/report_form/city/xian/region/yanta/明德8英里.html
梅园新村,/home/sk/lian_jia_data/report_form/city/xian/region/yanta/梅园新村.html
城市风景夏日景色二期,/home/sk/lian_jia_data/report_form/city/xian/region/yanta/城市风景夏日景色二期.html
枫韵蓝湾,/home/sk/lian_jia_data/report_form/city/xian/region/yanta/枫韵蓝湾.html
莱安逸珲,/home/sk/lian_jia_data/report_form/city/xian/region/yanta/莱安逸珲.html
金地湖城大境天第,/home/sk/lian_jia_data/report_form/city/xian/region/yanta/金地湖城大境天第.html
旗远锦樾,/home/sk/lian_jia_data/report_form/city/xian/region/yanta/旗远锦樾.html
阳明国际,/home/sk/lian_jia_data/report_form/city/xian/region/yanta/阳明国际.html
高新逸品,/home/sk/lian_jia_data/report_form/city/xian/region/yanta/高新逸品.html
天地源香都东岸,/home/sk/lian_jia_data/report_form/city/xian/region/yanta/天地源香都东岸.html
万科高新华府,/home/sk/lian_jia_data/report_form/city/xian/region/yanta/万科高新华府.html
曲江6号,/home/sk/lian_jia_data/report_form/city/xian/region/yanta/曲江6号.html
高科新花园,/home/sk/lian_jia_data/report_form/city/xian/region/yanta/高科新花园.html
融鑫园小区,/home/sk/lian_jia_data/report_form/city/xian/region/yanta/融鑫园小区.html
曲江华著中城,/home/sk/lian_jia_data/report_form/city/xian/region/yanta/曲江华著中城.html
芙蓉名座,/home/sk/lian_jia_data/report_form/city/xian/region/yanta/芙蓉名座.html
华城万象,/home/sk/lian_jia_data/report_form/city/xian/region/yanta/华城万象.html
仕嘉公寓B区（绿地世纪城）,/home/sk/lian_jia_data/report_form/city/xian/region/yanta/仕嘉公寓B区（绿地世纪城）.html
城市皇冠,/home/sk/lian_jia_data/report_form/city/xian/region/yanta/城市皇冠.html
都市印象,/home/sk/lian_jia_data/report_form/city/xian/region/yanta/都市印象.html
CLASS国际公馆,/home/sk/lian_jia_data/report_form/city/xian/region/yanta/CLASS国际公馆.html
桃苑红杉郡,/home/sk/lian_jia_data/report_form/city/xian/region/lintong/桃苑红杉郡.html
德杰德裕天下,/home/sk/lian_jia_data/report_form/city/xian/region/lintong/德杰德裕天下.html
瑞麟君府-北区,/home/sk/lian_jia_data/report_form/city/xian/region/lintong/瑞麟君府-北区.html
逸景佲居,/home/sk/lian_jia_data/report_form/city/xian/region/gaoling1/逸景佲居.html
银河湾御泉72坊,/home/sk/lian_jia_data/report_form/city/xian/region/gaoling1/银河湾御泉72坊.html
鼎正庆化苑,/home/sk/lian_jia_data/report_form/city/xian/region/gaoling1/鼎正庆化苑.html
嘉园馨苑,/home/sk/lian_jia_data/report_form/city/xian/region/gaoling1/嘉园馨苑.html
林凯花园,/home/sk/lian_jia_data/report_form/city/xian/region/yanta/林凯花园.html
天地源兰亭坊,/home/sk/lian_jia_data/report_form/city/xian/region/yanta/天地源兰亭坊.html
爱西华庭,/home/sk/lian_jia_data/report_form/city/xian/region/yanta/爱西华庭.html
东小区社区,/home/sk/lian_jia_data/report_form/city/xian/region/yanta/东小区社区.html
尚品格蓝,/home/sk/lian_jia_data/report_form/city/xian/region/yanta/尚品格蓝.html
怡心居二期,/home/sk/lian_jia_data/report_form/city/xian/region/yanta/怡心居二期.html
上上国际,/home/sk/lian_jia_data/report_form/city/xian/region/yanta/上上国际.html
阳光小区湘园社区,/home/sk/lian_jia_data/report_form/city/xian/region/yanta/阳光小区湘园社区.html
旭景碧泽园,/home/sk/lian_jia_data/report_form/city/xian/region/yanta/旭景碧泽园.html
MINI国度,/home/sk/lian_jia_data/report_form/city/xian/region/yanta/MINI国度.html
大华曲江公园世家一期,/home/sk/lian_jia_data/report_form/city/xian/region/yanta/大华曲江公园世家一期.html
苏格兰风笛,/home/sk/lian_jia_data/report_form/city/xian/region/yanta/苏格兰风笛.html
利君明天,/home/sk/lian_jia_data/report_form/city/xian/region/yanta/利君明天.html
曲江公馆和园,/home/sk/lian_jia_data/report_form/city/xian/region/yanta/曲江公馆和园.html
榕青无界,/home/sk/lian_jia_data/report_form/city/xian/region/yanta/榕青无界.html
恒大阳光馨苑,/home/sk/lian_jia_data/report_form/city/xian/region/yanta/恒大阳光馨苑.html
保利天悦,/home/sk/lian_jia_data/report_form/city/xian/region/yanta/保利天悦.html
铭城16号,/home/sk/lian_jia_data/report_form/city/xian/region/yanta/铭城16号.html
中国铁建万科翡翠国际峰荟,/home/sk/lian_jia_data/report_form/city/xian/region/yanta/中国铁建万科翡翠国际峰荟.html
金花苑,/home/sk/lian_jia_data/report_form/city/xian/region/yanta/金花苑.html
紫薇永和坊,/home/sk/lian_jia_data/report_form/city/xian/region/yanta/紫薇永和坊.html
曲江品筑,/home/sk/lian_jia_data/report_form/city/xian/region/yanta/曲江品筑.html
领先时代广场,/home/sk/lian_jia_data/report_form/city/xian/region/yanta/领先时代广场.html
曲江龙邸,/home/sk/lian_jia_data/report_form/city/xian/region/yanta/曲江龙邸.html
晶城秀府,/home/sk/lian_jia_data/report_form/city/xian/region/yanta/晶城秀府.html
幸福时光,/home/sk/lian_jia_data/report_form/city/xian/region/yanta/幸福时光.html
金辉公园里,/home/sk/lian_jia_data/report_form/city/xian/region/yanta/金辉公园里.html
云顶园,/home/sk/lian_jia_data/report_form/city/xian/region/yanta/云顶园.html
世纪花园,/home/sk/lian_jia_data/report_form/city/xian/region/yanta/世纪花园.html
左岸春天,/home/sk/lian_jia_data/report_form/city/xian/region/yanta/左岸春天.html
唐园小区,/home/sk/lian_jia_data/report_form/city/xian/region/yanta/唐园小区.html
城南翡翠,/home/sk/lian_jia_data/report_form/city/xian/region/yanta/城南翡翠.html
橄榄国际,/home/sk/lian_jia_data/report_form/city/xian/region/yanta/橄榄国际.html
唐顿庄园,/home/sk/lian_jia_data/report_form/city/xian/region/yanta/唐顿庄园.html
香榭兰岛,/home/sk/lian_jia_data/report_form/city/xian/region/yanta/香榭兰岛.html
曲江城市花园,/home/sk/lian_jia_data/report_form/city/xian/region/yanta/曲江城市花园.html
宏府麒麟山,/home/sk/lian_jia_data/report_form/city/xian/region/yanta/宏府麒麟山.html
群贤道九號,/home/sk/lian_jia_data/report_form/city/xian/region/yanta/群贤道九號.html
恒大名都,/home/sk/lian_jia_data/report_form/city/xian/region/yanta/恒大名都.html
美立方,/home/sk/lian_jia_data/report_form/city/xian/region/yanta/美立方.html
金地湖城大境天境,/home/sk/lian_jia_data/report_form/city/xian/region/yanta/金地湖城大境天境.html
群賢莊,/home/sk/lian_jia_data/report_form/city/xian/region/yanta/群賢莊.html
海亮新英里,/home/sk/lian_jia_data/report_form/city/xian/region/yanta/海亮新英里.html
培华小区,/home/sk/lian_jia_data/report_form/city/xian/region/yanta/培华小区.html
山水秦唐,/home/sk/lian_jia_data/report_form/city/xian/region/lintong/山水秦唐.html
陕药小区,/home/sk/lian_jia_data/report_form/city/xian/region/lintong/陕药小区.html
群星莱骊,/home/sk/lian_jia_data/report_form/city/xian/region/lintong/群星莱骊.html
丽湾岛,/home/sk/lian_jia_data/report_form/city/xian/region/gaoling1/丽湾岛.html
建邦华庭,/home/sk/lian_jia_data/report_form/city/xian/region/yanta/建邦华庭.html
新长城,/home/sk/lian_jia_data/report_form/city/xian/region/yanta/新长城.html
西安监狱小区,/home/sk/lian_jia_data/report_form/city/xian/region/yanta/西安监狱小区.html
捷瑞新时代,/home/sk/lian_jia_data/report_form/city/xian/region/yanta/捷瑞新时代.html
绿港花园,/home/sk/lian_jia_data/report_form/city/xian/region/yanta/绿港花园.html
五湖名邸东区,/home/sk/lian_jia_data/report_form/city/xian/region/yanta/五湖名邸东区.html
万科金域曲江二期,/home/sk/lian_jia_data/report_form/city/xian/region/yanta/万科金域曲江二期.html
朝华美域,/home/sk/lian_jia_data/report_form/city/xian/region/yanta/朝华美域.html
八一小区,/home/sk/lian_jia_data/report_form/city/xian/region/yanta/八一小区.html
鹏豪商务区,/home/sk/lian_jia_data/report_form/city/xian/region/yanta/鹏豪商务区.html
亮丽家园,/home/sk/lian_jia_data/report_form/city/xian/region/yanta/亮丽家园.html
鸿基新城,/home/sk/lian_jia_data/report_form/city/xian/region/yanta/鸿基新城.html
天地源.香都玖墅,/home/sk/lian_jia_data/report_form/city/xian/region/yanta/天地源.香都玖墅.html
唐城宾馆家属院,/home/sk/lian_jia_data/report_form/city/xian/region/yanta/唐城宾馆家属院.html
罗曼公社,/home/sk/lian_jia_data/report_form/city/xian/region/yanta/罗曼公社.html
大华曲江公园世家四期,/home/sk/lian_jia_data/report_form/city/xian/region/yanta/大华曲江公园世家四期.html
纯翠花园,/home/sk/lian_jia_data/report_form/city/xian/region/yanta/纯翠花园.html
东方星家园,/home/sk/lian_jia_data/report_form/city/xian/region/yanta/东方星家园.html
唐园假日新城,/home/sk/lian_jia_data/report_form/city/xian/region/yanta/唐园假日新城.html
庆环小区,/home/sk/lian_jia_data/report_form/city/xian/region/yanta/庆环小区.html
大华曲江公园世家五期,/home/sk/lian_jia_data/report_form/city/xian/region/yanta/大华曲江公园世家五期.html
明德门(南西区),/home/sk/lian_jia_data/report_form/city/xian/region/yanta/明德门(南西区).html
永松路3号院,/home/sk/lian_jia_data/report_form/city/xian/region/yanta/永松路3号院.html
兰乔圣菲,/home/sk/lian_jia_data/report_form/city/xian/region/yanta/兰乔圣菲.html
中国飞机强度研究所生活区,/home/sk/lian_jia_data/report_form/city/xian/region/yanta/中国飞机强度研究所生活区.html
九座花园,/home/sk/lian_jia_data/report_form/city/xian/region/yanta/九座花园.html
世家星城1期,/home/sk/lian_jia_data/report_form/city/xian/region/yanta/世家星城1期.html
金辉世界城,/home/sk/lian_jia_data/report_form/city/xian/region/yanta/金辉世界城.html
新科花园,/home/sk/lian_jia_data/report_form/city/xian/region/yanta/新科花园.html
工商局家属院,/home/sk/lian_jia_data/report_form/city/xian/region/yanta/工商局家属院.html
时代风尚小区,/home/sk/lian_jia_data/report_form/city/xian/region/yanta/时代风尚小区.html
华侨城天鹅堡,/home/sk/lian_jia_data/report_form/city/xian/region/yanta/华侨城天鹅堡.html
金辉悦府,/home/sk/lian_jia_data/report_form/city/xian/region/yanta/金辉悦府.html
长安居,/home/sk/lian_jia_data/report_form/city/xian/region/yanta/长安居.html
名仕花园,/home/sk/lian_jia_data/report_form/city/xian/region/yanta/名仕花园.html
瑞源清风,/home/sk/lian_jia_data/report_form/city/xian/region/yanta/瑞源清风.html
逸翠园三期逸翠尚府南区,/home/sk/lian_jia_data/report_form/city/xian/region/yanta/逸翠园三期逸翠尚府南区.html
黄金嘉园,/home/sk/lian_jia_data/report_form/city/xian/region/yanta/黄金嘉园.html
澳城大厦,/home/sk/lian_jia_data/report_form/city/xian/region/yanta/澳城大厦.html
祥和雅居,/home/sk/lian_jia_data/report_form/city/xian/region/yanta/祥和雅居.html
中海东郡,/home/sk/lian_jia_data/report_form/city/xian/region/yanta/中海东郡.html
振兴小区,/home/sk/lian_jia_data/report_form/city/xian/region/yanta/振兴小区.html
中天花园,/home/sk/lian_jia_data/report_form/city/xian/region/yanta/中天花园.html
依云小镇,/home/sk/lian_jia_data/report_form/city/xian/region/lintong/依云小镇.html
国税局家属院（临潼）,/home/sk/lian_jia_data/report_form/city/xian/region/lintong/国税局家属院（临潼）.html
嘉园蓝湖九郡,/home/sk/lian_jia_data/report_form/city/xian/region/gaoling1/嘉园蓝湖九郡.html
金泰新理城,/home/sk/lian_jia_data/report_form/city/xian/region/yanta/金泰新理城.html
唐城小区,/home/sk/lian_jia_data/report_form/city/xian/region/yanta/唐城小区.html
金泰怡景花园,/home/sk/lian_jia_data/report_form/city/xian/region/yanta/金泰怡景花园.html
金地褐石公馆,/home/sk/lian_jia_data/report_form/city/xian/region/yanta/金地褐石公馆.html
名城雅居,/home/sk/lian_jia_data/report_form/city/xian/region/yanta/名城雅居.html
迎泽公寓,/home/sk/lian_jia_data/report_form/city/xian/region/yanta/迎泽公寓.html
荣禾城市理想,/home/sk/lian_jia_data/report_form/city/xian/region/yanta/荣禾城市理想.html
逸翠尚府北区,/home/sk/lian_jia_data/report_form/city/xian/region/yanta/逸翠尚府北区.html
裕昌太阳城,/home/sk/lian_jia_data/report_form/city/xian/region/yanta/裕昌太阳城.html
曲江澜山,/home/sk/lian_jia_data/report_form/city/xian/region/yanta/曲江澜山.html
中海观园B区,/home/sk/lian_jia_data/report_form/city/xian/region/yanta/中海观园B区.html
新天地小区,/home/sk/lian_jia_data/report_form/city/xian/region/yanta/新天地小区.html
三兴鑫园,/home/sk/lian_jia_data/report_form/city/xian/region/yanta/三兴鑫园.html
日化小区,/home/sk/lian_jia_data/report_form/city/xian/region/yanta/日化小区.html
东新商住大厦,/home/sk/lian_jia_data/report_form/city/xian/region/yanta/东新商住大厦.html
天地源枫林意树,/home/sk/lian_jia_data/report_form/city/xian/region/yanta/天地源枫林意树.html
阳光城翡丽曲江,/home/sk/lian_jia_data/report_form/city/xian/region/yanta/阳光城翡丽曲江.html
民洁小区,/home/sk/lian_jia_data/report_form/city/xian/region/yanta/民洁小区.html
都市春天,/home/sk/lian_jia_data/report_form/city/xian/region/yanta/都市春天.html
美丽的院子,/home/sk/lian_jia_data/report_form/city/xian/region/yanta/美丽的院子.html
卡布奇诺公馆,/home/sk/lian_jia_data/report_form/city/xian/region/yanta/卡布奇诺公馆.html
竹园阳光嘉苑,/home/sk/lian_jia_data/report_form/city/xian/region/yanta/竹园阳光嘉苑.html
创业公寓,/home/sk/lian_jia_data/report_form/city/xian/region/yanta/创业公寓.html
永和新领地,/home/sk/lian_jia_data/report_form/city/xian/region/yanta/永和新领地.html
地电广场,/home/sk/lian_jia_data/report_form/city/xian/region/yanta/地电广场.html
怡和国际,/home/sk/lian_jia_data/report_form/city/xian/region/yanta/怡和国际.html
时代明丰苑,/home/sk/lian_jia_data/report_form/city/xian/region/yanta/时代明丰苑.html
海伦国际,/home/sk/lian_jia_data/report_form/city/xian/region/yanta/海伦国际.html
中天国际公寓,/home/sk/lian_jia_data/report_form/city/xian/region/yanta/中天国际公寓.html
友和大厦,/home/sk/lian_jia_data/report_form/city/xian/region/yanta/友和大厦.html
凯悦华庭,/home/sk/lian_jia_data/report_form/city/xian/region/yanta/凯悦华庭.html
大华曲江公园世家三期,/home/sk/lian_jia_data/report_form/city/xian/region/yanta/大华曲江公园世家三期.html
丰硕佳园,/home/sk/lian_jia_data/report_form/city/xian/region/yanta/丰硕佳园.html
五湖名邸西区,/home/sk/lian_jia_data/report_form/city/xian/region/yanta/五湖名邸西区.html
银顶今城,/home/sk/lian_jia_data/report_form/city/xian/region/lintong/银顶今城.html
铁道部临潼疗养院,/home/sk/lian_jia_data/report_form/city/xian/region/lintong/铁道部临潼疗养院.html
鸿禧花园,/home/sk/lian_jia_data/report_form/city/xian/region/gaoling1/鸿禧花园.html
康桥边的院子,/home/sk/lian_jia_data/report_form/city/xian/region/yanta/康桥边的院子.html
枫景观天下,/home/sk/lian_jia_data/report_form/city/xian/region/yanta/枫景观天下.html
千户社区,/home/sk/lian_jia_data/report_form/city/xian/region/yanta/千户社区.html
凯森福景雅苑,/home/sk/lian_jia_data/report_form/city/xian/region/yanta/凯森福景雅苑.html
天伦御城龙脉,/home/sk/lian_jia_data/report_form/city/xian/region/yanta/天伦御城龙脉.html
馨园壹号,/home/sk/lian_jia_data/report_form/city/xian/region/yanta/馨园壹号.html
西安东方大酒店,/home/sk/lian_jia_data/report_form/city/xian/region/yanta/西安东方大酒店.html
三兴园,/home/sk/lian_jia_data/report_form/city/xian/region/yanta/三兴园.html
新西蓝一期,/home/sk/lian_jia_data/report_form/city/xian/region/yanta/新西蓝一期.html
西何小区,/home/sk/lian_jia_data/report_form/city/xian/region/yanta/西何小区.html
曲江观唐,/home/sk/lian_jia_data/report_form/city/xian/region/yanta/曲江观唐.html
翠薇园（曲江）,/home/sk/lian_jia_data/report_form/city/xian/region/yanta/翠薇园（曲江）.html
西旅国际中心,/home/sk/lian_jia_data/report_form/city/xian/region/yanta/西旅国际中心.html
望庭国际,/home/sk/lian_jia_data/report_form/city/xian/region/yanta/望庭国际.html
崇立金世园,/home/sk/lian_jia_data/report_form/city/xian/region/yanta/崇立金世园.html
明德雅园大厦,/home/sk/lian_jia_data/report_form/city/xian/region/yanta/明德雅园大厦.html
红枫林,/home/sk/lian_jia_data/report_form/city/xian/region/yanta/红枫林.html
高科尚都摩卡,/home/sk/lian_jia_data/report_form/city/xian/region/yanta/高科尚都摩卡.html
唐延鑫苑,/home/sk/lian_jia_data/report_form/city/xian/region/yanta/唐延鑫苑.html
太白小区北区,/home/sk/lian_jia_data/report_form/city/xian/region/yanta/太白小区北区.html
世家星城2期,/home/sk/lian_jia_data/report_form/city/xian/region/yanta/世家星城2期.html
明德门北社区,/home/sk/lian_jia_data/report_form/city/xian/region/yanta/明德门北社区.html
西港雅苑,/home/sk/lian_jia_data/report_form/city/xian/region/yanta/西港雅苑.html
市容家属院,/home/sk/lian_jia_data/report_form/city/xian/region/yanta/市容家属院.html
富力城北区,/home/sk/lian_jia_data/report_form/city/xian/region/yanta/富力城北区.html
银领花园,/home/sk/lian_jia_data/report_form/city/xian/region/yanta/银领花园.html
哈佛公馆,/home/sk/lian_jia_data/report_form/city/xian/region/yanta/哈佛公馆.html
阳光丽城,/home/sk/lian_jia_data/report_form/city/xian/region/yanta/阳光丽城.html
金业缇香山,/home/sk/lian_jia_data/report_form/city/xian/region/yanta/金业缇香山.html
龙城铭园二期,/home/sk/lian_jia_data/report_form/city/xian/region/yanta/龙城铭园二期.html
中海熙岸,/home/sk/lian_jia_data/report_form/city/xian/region/yanta/中海熙岸.html
西安文理学院翠华路住宅小区,/home/sk/lian_jia_data/report_form/city/xian/region/yanta/西安文理学院翠华路住宅小区.html
天然居一期,/home/sk/lian_jia_data/report_form/city/xian/region/yanta/天然居一期.html
曲江MINI公馆,/home/sk/lian_jia_data/report_form/city/xian/region/yanta/曲江MINI公馆.html
美寓华庭（一二期）,/home/sk/lian_jia_data/report_form/city/xian/region/yanta/美寓华庭（一二期）.html
电子花园,/home/sk/lian_jia_data/report_form/city/xian/region/yanta/电子花园.html
尚品国际,/home/sk/lian_jia_data/report_form/city/xian/region/yanta/尚品国际.html
花漾青城,/home/sk/lian_jia_data/report_form/city/xian/region/lintong/花漾青城.html
八水御源,/home/sk/lian_jia_data/report_form/city/xian/region/gaoling1/八水御源.html
紫薇城市花园,/home/sk/lian_jia_data/report_form/city/xian/region/yanta/紫薇城市花园.html
庆安颐秀园,/home/sk/lian_jia_data/report_form/city/xian/region/yanta/庆安颐秀园.html
朱雀大厦,/home/sk/lian_jia_data/report_form/city/xian/region/yanta/朱雀大厦.html
橡树街区,/home/sk/lian_jia_data/report_form/city/xian/region/yanta/橡树街区.html
高科尚都,/home/sk/lian_jia_data/report_form/city/xian/region/yanta/高科尚都.html
恬静园,/home/sk/lian_jia_data/report_form/city/xian/region/yanta/恬静园.html
鑫汇苑,/home/sk/lian_jia_data/report_form/city/xian/region/yanta/鑫汇苑.html
陕五建公司家属院,/home/sk/lian_jia_data/report_form/city/xian/region/yanta/陕五建公司家属院.html
曲江华府,/home/sk/lian_jia_data/report_form/city/xian/region/yanta/曲江华府.html
大华曲江公园世家二期,/home/sk/lian_jia_data/report_form/city/xian/region/yanta/大华曲江公园世家二期.html
太白庭院,/home/sk/lian_jia_data/report_form/city/xian/region/yanta/太白庭院.html
凯丽大厦,/home/sk/lian_jia_data/report_form/city/xian/region/yanta/凯丽大厦.html
天然气公司家属院,/home/sk/lian_jia_data/report_form/city/xian/region/yanta/天然气公司家属院.html
城南锦绣,/home/sk/lian_jia_data/report_form/city/xian/region/yanta/城南锦绣.html
文华阁,/home/sk/lian_jia_data/report_form/city/xian/region/yanta/文华阁.html
尚品美地城,/home/sk/lian_jia_data/report_form/city/xian/region/yanta/尚品美地城.html
皇家花园,/home/sk/lian_jia_data/report_form/city/xian/region/yanta/皇家花园.html
糖果SOHO,/home/sk/lian_jia_data/report_form/city/xian/region/yanta/糖果SOHO.html
领南郡,/home/sk/lian_jia_data/report_form/city/xian/region/yanta/领南郡.html
启航029,/home/sk/lian_jia_data/report_form/city/xian/region/yanta/启航029.html
曲江假日新嘉园,/home/sk/lian_jia_data/report_form/city/xian/region/yanta/曲江假日新嘉园.html
骊景新天地,/home/sk/lian_jia_data/report_form/city/xian/region/lintong/骊景新天地.html
桃苑星言花园,/home/sk/lian_jia_data/report_form/city/xian/region/lintong/桃苑星言花园.html
奥韵华府,/home/sk/lian_jia_data/report_form/city/xian/region/gaoling1/奥韵华府.html
公安小区,/home/sk/lian_jia_data/report_form/city/xian/region/gaoling1/公安小区.html
北城·尚品,/home/sk/lian_jia_data/report_form/city/xian/region/gaoling1/北城·尚品.html
鑫宇住宅小区,/home/sk/lian_jia_data/report_form/city/xian/region/yanta/鑫宇住宅小区.html
博文园（高新）,/home/sk/lian_jia_data/report_form/city/xian/region/yanta/博文园（高新）.html
曲江春晓苑,/home/sk/lian_jia_data/report_form/city/xian/region/yanta/曲江春晓苑.html
高新品阁,/home/sk/lian_jia_data/report_form/city/xian/region/yanta/高新品阁.html
金源都市公寓,/home/sk/lian_jia_data/report_form/city/xian/region/yanta/金源都市公寓.html
米罗蓝山,/home/sk/lian_jia_data/report_form/city/xian/region/yanta/米罗蓝山.html
中冶一曲江山,/home/sk/lian_jia_data/report_form/city/xian/region/yanta/中冶一曲江山.html
丹枫国际,/home/sk/lian_jia_data/report_form/city/xian/region/yanta/丹枫国际.html
路桥公司家属院,/home/sk/lian_jia_data/report_form/city/xian/region/yanta/路桥公司家属院.html
CROSS万象汇,/home/sk/lian_jia_data/report_form/city/xian/region/yanta/CROSS万象汇.html
西影路小区,/home/sk/lian_jia_data/report_form/city/xian/region/yanta/西影路小区.html
长安易居,/home/sk/lian_jia_data/report_form/city/xian/region/yanta/长安易居.html
金谷城,/home/sk/lian_jia_data/report_form/city/xian/region/yanta/金谷城.html
新南花园,/home/sk/lian_jia_data/report_form/city/xian/region/yanta/新南花园.html
东八里小区,/home/sk/lian_jia_data/report_form/city/xian/region/yanta/东八里小区.html
碧水西岸南湖一号,/home/sk/lian_jia_data/report_form/city/xian/region/yanta/碧水西岸南湖一号.html
天地源丹轩坊,/home/sk/lian_jia_data/report_form/city/xian/region/yanta/天地源丹轩坊.html
农林巷七号,/home/sk/lian_jia_data/report_form/city/xian/region/yanta/农林巷七号.html
食品厂家属院,/home/sk/lian_jia_data/report_form/city/xian/region/yanta/食品厂家属院.html
华清新苑,/home/sk/lian_jia_data/report_form/city/xian/region/lintong/华清新苑.html
九如居,/home/sk/lian_jia_data/report_form/city/xian/region/gaoling1/九如居.html
曲江汉华城,/home/sk/lian_jia_data/report_form/city/xian/region/yanta/曲江汉华城.html
冠诚国际,/home/sk/lian_jia_data/report_form/city/xian/region/yanta/冠诚国际.html
创新商务公寓,/home/sk/lian_jia_data/report_form/city/xian/region/yanta/创新商务公寓.html
曲池坊,/home/sk/lian_jia_data/report_form/city/xian/region/yanta/曲池坊.html
枫叶苑北区,/home/sk/lian_jia_data/report_form/city/xian/region/yanta/枫叶苑北区.html
西安南郊铁路新村,/home/sk/lian_jia_data/report_form/city/xian/region/yanta/西安南郊铁路新村.html
吉祥小区(雁塔),/home/sk/lian_jia_data/report_form/city/xian/region/yanta/吉祥小区(雁塔).html
金桥四季花园,/home/sk/lian_jia_data/report_form/city/xian/region/yanta/金桥四季花园.html
橡树星座,/home/sk/lian_jia_data/report_form/city/xian/region/yanta/橡树星座.html
群星汇,/home/sk/lian_jia_data/report_form/city/xian/region/yanta/群星汇.html
锦业大厦,/home/sk/lian_jia_data/report_form/city/xian/region/yanta/锦业大厦.html
西安市天燃气总公司住宅小区,/home/sk/lian_jia_data/report_form/city/xian/region/yanta/西安市天燃气总公司住宅小区.html
兰清苑,/home/sk/lian_jia_data/report_form/city/xian/region/yanta/兰清苑.html
中海开元壹号,/home/sk/lian_jia_data/report_form/city/xian/region/yanta/中海开元壹号.html
吉源花园,/home/sk/lian_jia_data/report_form/city/xian/region/yanta/吉源花园.html
紫薇龙腾新世界,/home/sk/lian_jia_data/report_form/city/xian/region/yanta/紫薇龙腾新世界.html
吉祥馨苑,/home/sk/lian_jia_data/report_form/city/xian/region/yanta/吉祥馨苑.html
牡丹庄园,/home/sk/lian_jia_data/report_form/city/xian/region/yanta/牡丹庄园.html
新科大厦,/home/sk/lian_jia_data/report_form/city/xian/region/yanta/新科大厦.html
崇立苑,/home/sk/lian_jia_data/report_form/city/xian/region/yanta/崇立苑.html
中海阅骊山,/home/sk/lian_jia_data/report_form/city/xian/region/lintong/中海阅骊山.html
泾渭苑二区,/home/sk/lian_jia_data/report_form/city/xian/region/gaoling1/泾渭苑二区.html
锦苑小区,/home/sk/lian_jia_data/report_form/city/xian/region/gaoling1/锦苑小区.html
二六二厂南家属院,/home/sk/lian_jia_data/report_form/city/xian/region/yanta/二六二厂南家属院.html
中海观园A区,/home/sk/lian_jia_data/report_form/city/xian/region/yanta/中海观园A区.html
西勘新苑,/home/sk/lian_jia_data/report_form/city/xian/region/yanta/西勘新苑.html
龙城四季,/home/sk/lian_jia_data/report_form/city/xian/region/yanta/龙城四季.html
鑫苑大都汇,/home/sk/lian_jia_data/report_form/city/xian/region/yanta/鑫苑大都汇.html
绿地诺丁山,/home/sk/lian_jia_data/report_form/city/xian/region/yanta/绿地诺丁山.html
盛世华庭,/home/sk/lian_jia_data/report_form/city/xian/region/yanta/盛世华庭.html
唐南香榭,/home/sk/lian_jia_data/report_form/city/xian/region/yanta/唐南香榭.html
铁设院小区,/home/sk/lian_jia_data/report_form/city/xian/region/yanta/铁设院小区.html
二十街坊,/home/sk/lian_jia_data/report_form/city/xian/region/yanta/二十街坊.html
曲江·圣卡纳,/home/sk/lian_jia_data/report_form/city/xian/region/yanta/曲江·圣卡纳.html
水土保持局家属院,/home/sk/lian_jia_data/report_form/city/xian/region/yanta/水土保持局家属院.html
罗马景福城,/home/sk/lian_jia_data/report_form/city/xian/region/yanta/罗马景福城.html
金地曲江尚林苑,/home/sk/lian_jia_data/report_form/city/xian/region/yanta/金地曲江尚林苑.html
中国铁建万科翡翠国际,/home/sk/lian_jia_data/report_form/city/xian/region/yanta/中国铁建万科翡翠国际.html
中国铁建梧桐苑,/home/sk/lian_jia_data/report_form/city/xian/region/yanta/中国铁建梧桐苑.html
南飞鸿十年城,/home/sk/lian_jia_data/report_form/city/xian/region/yanta/南飞鸿十年城.html
象牙宫寓,/home/sk/lian_jia_data/report_form/city/xian/region/yanta/象牙宫寓.html
高新骊山下的院子,/home/sk/lian_jia_data/report_form/city/xian/region/lintong/高新骊山下的院子.html
金陵广场,/home/sk/lian_jia_data/report_form/city/xian/region/gaoling1/金陵广场.html
馨苑春天,/home/sk/lian_jia_data/report_form/city/xian/region/gaoling1/馨苑春天.html
明德广厦,/home/sk/lian_jia_data/report_form/city/xian/region/yanta/明德广厦.html
交大曲江新村北苑,/home/sk/lian_jia_data/report_form/city/xian/region/yanta/交大曲江新村北苑.html
浐灞半岛A4区,/home/sk/lian_jia_data/report_form/city/xian/region/yanta/浐灞半岛A4区.html
西安卫光电工厂小区,/home/sk/lian_jia_data/report_form/city/xian/region/yanta/西安卫光电工厂小区.html
曼哈顿洋房,/home/sk/lian_jia_data/report_form/city/xian/region/yanta/曼哈顿洋房.html
等驾坡教育公寓,/home/sk/lian_jia_data/report_form/city/xian/region/yanta/等驾坡教育公寓.html
福满園,/home/sk/lian_jia_data/report_form/city/xian/region/yanta/福满園.html
伟丰花园,/home/sk/lian_jia_data/report_form/city/xian/region/yanta/伟丰花园.html
水电十五局家属院,/home/sk/lian_jia_data/report_form/city/xian/region/yanta/水电十五局家属院.html
华奥大厦,/home/sk/lian_jia_data/report_form/city/xian/region/yanta/华奥大厦.html
富力城南区,/home/sk/lian_jia_data/report_form/city/xian/region/yanta/富力城南区.html
万科城市之光蜜柚,/home/sk/lian_jia_data/report_form/city/xian/region/yanta/万科城市之光蜜柚.html
天地源丹轩梓园,/home/sk/lian_jia_data/report_form/city/xian/region/yanta/天地源丹轩梓园.html
双威温馨花园,/home/sk/lian_jia_data/report_form/city/xian/region/yanta/双威温馨花园.html
信合小区（临潼区）,/home/sk/lian_jia_data/report_form/city/xian/region/lintong/信合小区（临潼区）.html
骊山名居,/home/sk/lian_jia_data/report_form/city/xian/region/lintong/骊山名居.html
糜家桥小区,/home/sk/lian_jia_data/report_form/city/xian/region/yanta/糜家桥小区.html
枫叶高层小区,/home/sk/lian_jia_data/report_form/city/xian/region/yanta/枫叶高层小区.html
小悉尼新都,/home/sk/lian_jia_data/report_form/city/xian/region/yanta/小悉尼新都.html
唐延国际中心,/home/sk/lian_jia_data/report_form/city/xian/region/yanta/唐延国际中心.html
电炉所家属院,/home/sk/lian_jia_data/report_form/city/xian/region/yanta/电炉所家属院.html
兵工社区二0三生活区,/home/sk/lian_jia_data/report_form/city/xian/region/yanta/兵工社区二0三生活区.html
千禧阁,/home/sk/lian_jia_data/report_form/city/xian/region/yanta/千禧阁.html
易道郡玫瑰公馆二期,/home/sk/lian_jia_data/report_form/city/xian/region/yanta/易道郡玫瑰公馆二期.html
羣賢花园,/home/sk/lian_jia_data/report_form/city/xian/region/yanta/羣賢花园.html
曲江紫汀苑,/home/sk/lian_jia_data/report_form/city/xian/region/yanta/曲江紫汀苑.html
华怡园,/home/sk/lian_jia_data/report_form/city/xian/region/yanta/华怡园.html
锦园曲江龙邸,/home/sk/lian_jia_data/report_form/city/xian/region/yanta/锦园曲江龙邸.html
金地湖城大境天域,/home/sk/lian_jia_data/report_form/city/xian/region/yanta/金地湖城大境天域.html
一品•美道,/home/sk/lian_jia_data/report_form/city/xian/region/yanta/一品•美道.html
坤元TIME,/home/sk/lian_jia_data/report_form/city/xian/region/yanta/坤元TIME.html
旺座现代城,/home/sk/lian_jia_data/report_form/city/xian/region/yanta/旺座现代城.html
翔瑞宜人家园,/home/sk/lian_jia_data/report_form/city/xian/region/yanta/翔瑞宜人家园.html
嘉祥世家,/home/sk/lian_jia_data/report_form/city/xian/region/yanta/嘉祥世家.html
三泰茗居,/home/sk/lian_jia_data/report_form/city/xian/region/gaoling1/三泰茗居.html
泾渭大厦,/home/sk/lian_jia_data/report_form/city/xian/region/gaoling1/泾渭大厦.html
明德华园大厦,/home/sk/lian_jia_data/report_form/city/xian/region/yanta/明德华园大厦.html
绿地中央广场,/home/sk/lian_jia_data/report_form/city/xian/region/yanta/绿地中央广场.html
新汇大厦,/home/sk/lian_jia_data/report_form/city/xian/region/yanta/新汇大厦.html
智慧城,/home/sk/lian_jia_data/report_form/city/xian/region/yanta/智慧城.html
三五一一社区,/home/sk/lian_jia_data/report_form/city/xian/region/yanta/三五一一社区.html
尚中心,/home/sk/lian_jia_data/report_form/city/xian/region/yanta/尚中心.html
拿铁城,/home/sk/lian_jia_data/report_form/city/xian/region/yanta/拿铁城.html
西夏花园,/home/sk/lian_jia_data/report_form/city/xian/region/yanta/西夏花园.html
西安电视台家属院,/home/sk/lian_jia_data/report_form/city/xian/region/yanta/西安电视台家属院.html
世纪颐园,/home/sk/lian_jia_data/report_form/city/xian/region/yanta/世纪颐园.html
鑫园,/home/sk/lian_jia_data/report_form/city/xian/region/yanta/鑫园.html
广电小区,/home/sk/lian_jia_data/report_form/city/xian/region/yanta/广电小区.html
雁鸣小区,/home/sk/lian_jia_data/report_form/city/xian/region/yanta/雁鸣小区.html
华清苑住宅小区,/home/sk/lian_jia_data/report_form/city/xian/region/lintong/华清苑住宅小区.html
香林郡,/home/sk/lian_jia_data/report_form/city/xian/region/gaoling1/香林郡.html
邮政小区(高陵),/home/sk/lian_jia_data/report_form/city/xian/region/gaoling1/邮政小区(高陵).html
龙记观澜国际,/home/sk/lian_jia_data/report_form/city/xian/region/yanta/龙记观澜国际.html
高新第五季,/home/sk/lian_jia_data/report_form/city/xian/region/yanta/高新第五季.html
方舟国际,/home/sk/lian_jia_data/report_form/city/xian/region/yanta/方舟国际.html
高科花园,/home/sk/lian_jia_data/report_form/city/xian/region/yanta/高科花园.html
海域壹号,/home/sk/lian_jia_data/report_form/city/xian/region/yanta/海域壹号.html
中国人民银行家属楼,/home/sk/lian_jia_data/report_form/city/xian/region/yanta/中国人民银行家属楼.html
易和蓝钻,/home/sk/lian_jia_data/report_form/city/xian/region/yanta/易和蓝钻.html
省委联建小区,/home/sk/lian_jia_data/report_form/city/xian/region/yanta/省委联建小区.html
蓝山国际公寓,/home/sk/lian_jia_data/report_form/city/xian/region/yanta/蓝山国际公寓.html
农林巷八号院,/home/sk/lian_jia_data/report_form/city/xian/region/yanta/农林巷八号院.html
高科尚郡,/home/sk/lian_jia_data/report_form/city/xian/region/yanta/高科尚郡.html
汇邦上东城,/home/sk/lian_jia_data/report_form/city/xian/region/lintong/汇邦上东城.html
桃苑中心花园,/home/sk/lian_jia_data/report_form/city/xian/region/lintong/桃苑中心花园.html
贾堡小区,/home/sk/lian_jia_data/report_form/city/xian/region/lintong/贾堡小区.html
西花园小区,/home/sk/lian_jia_data/report_form/city/xian/region/lintong/西花园小区.html
金裕花园,/home/sk/lian_jia_data/report_form/city/xian/region/yanta/金裕花园.html
8号府邸,/home/sk/lian_jia_data/report_form/city/xian/region/yanta/8号府邸.html
金地南湖艺境,/home/sk/lian_jia_data/report_form/city/xian/region/yanta/金地南湖艺境.html
电信四所家属区南院,/home/sk/lian_jia_data/report_form/city/xian/region/yanta/电信四所家属区南院.html
电信局家属院,/home/sk/lian_jia_data/report_form/city/xian/region/yanta/电信局家属院.html
御锦城V青年,/home/sk/lian_jia_data/report_form/city/xian/region/yanta/御锦城V青年.html
名园新居,/home/sk/lian_jia_data/report_form/city/xian/region/yanta/名园新居.html
交大曲江新村南苑,/home/sk/lian_jia_data/report_form/city/xian/region/yanta/交大曲江新村南苑.html
高科花园二三期,/home/sk/lian_jia_data/report_form/city/xian/region/yanta/高科花园二三期.html
紫薇公园时光,/home/sk/lian_jia_data/report_form/city/xian/region/yanta/紫薇公园时光.html
电信小区(雁塔),/home/sk/lian_jia_data/report_form/city/xian/region/yanta/电信小区(雁塔).html
太白花园,/home/sk/lian_jia_data/report_form/city/xian/region/yanta/太白花园.html
华清泉庄园,/home/sk/lian_jia_data/report_form/city/xian/region/lintong/华清泉庄园.html
华清园小区,/home/sk/lian_jia_data/report_form/city/xian/region/lintong/华清园小区.html
路政馨苑,/home/sk/lian_jia_data/report_form/city/xian/region/gaoling1/路政馨苑.html
宝格丽小镇,/home/sk/lian_jia_data/report_form/city/xian/region/gaoling1/宝格丽小镇.html
泾欣园一区,/home/sk/lian_jia_data/report_form/city/xian/region/gaoling1/泾欣园一区.html
唐延公馆,/home/sk/lian_jia_data/report_form/city/xian/region/yanta/唐延公馆.html
荣园小区,/home/sk/lian_jia_data/report_form/city/xian/region/yanta/荣园小区.html
民航社区,/home/sk/lian_jia_data/report_form/city/xian/region/yanta/民航社区.html
捷瑞小区,/home/sk/lian_jia_data/report_form/city/xian/region/yanta/捷瑞小区.html
五建雅苑,/home/sk/lian_jia_data/report_form/city/xian/region/yanta/五建雅苑.html
乐和公馆,/home/sk/lian_jia_data/report_form/city/xian/region/yanta/乐和公馆.html
恒大嘉里公馆,/home/sk/lian_jia_data/report_form/city/xian/region/yanta/恒大嘉里公馆.html
合力紫郡,/home/sk/lian_jia_data/report_form/city/xian/region/yanta/合力紫郡.html
双鱼花园广场,/home/sk/lian_jia_data/report_form/city/xian/region/yanta/双鱼花园广场.html
紫薇大厦,/home/sk/lian_jia_data/report_form/city/xian/region/yanta/紫薇大厦.html
国宾中央区,/home/sk/lian_jia_data/report_form/city/xian/region/yanta/国宾中央区.html
汇鑫花园,/home/sk/lian_jia_data/report_form/city/xian/region/yanta/汇鑫花园.html
青海园区,/home/sk/lian_jia_data/report_form/city/xian/region/lintong/青海园区.html
福园小区(临潼),/home/sk/lian_jia_data/report_form/city/xian/region/lintong/福园小区(临潼).html
鹿苑5号公馆,/home/sk/lian_jia_data/report_form/city/xian/region/gaoling1/鹿苑5号公馆.html
嘉天国际,/home/sk/lian_jia_data/report_form/city/xian/region/yanta/嘉天国际.html
中国水电大厦,/home/sk/lian_jia_data/report_form/city/xian/region/yanta/中国水电大厦.html
巧克力公寓,/home/sk/lian_jia_data/report_form/city/xian/region/yanta/巧克力公寓.html
天地源万熙天地,/home/sk/lian_jia_data/report_form/city/xian/region/yanta/天地源万熙天地.html
梧桐朗座,/home/sk/lian_jia_data/report_form/city/xian/region/yanta/梧桐朗座.html
中航工业自控所生活一区,/home/sk/lian_jia_data/report_form/city/xian/region/yanta/中航工业自控所生活一区.html
西北新闻大厦,/home/sk/lian_jia_data/report_form/city/xian/region/yanta/西北新闻大厦.html
雅荷翠华小区（雁塔）,/home/sk/lian_jia_data/report_form/city/xian/region/yanta/雅荷翠华小区（雁塔）.html
陕西高速集团西宝分公司住宅区,/home/sk/lian_jia_data/report_form/city/xian/region/yanta/陕西高速集团西宝分公司住宅区.html
开元小区,/home/sk/lian_jia_data/report_form/city/xian/region/yanta/开元小区.html
地税雁塔分局家属院,/home/sk/lian_jia_data/report_form/city/xian/region/yanta/地税雁塔分局家属院.html
龙腾东篱雅舍,/home/sk/lian_jia_data/report_form/city/xian/region/lintong/龙腾东篱雅舍.html
温泉花园小区,/home/sk/lian_jia_data/report_form/city/xian/region/lintong/温泉花园小区.html
西安歌舞剧院,/home/sk/lian_jia_data/report_form/city/xian/region/yanta/西安歌舞剧院.html
伟业都市远景,/home/sk/lian_jia_data/report_form/city/xian/region/yanta/伟业都市远景.html
数字空间,/home/sk/lian_jia_data/report_form/city/xian/region/yanta/数字空间.html
南飞鸿广场,/home/sk/lian_jia_data/report_form/city/xian/region/yanta/南飞鸿广场.html
太阳集团家属院,/home/sk/lian_jia_data/report_form/city/xian/region/yanta/太阳集团家属院.html
水岸东方2期,/home/sk/lian_jia_data/report_form/city/xian/region/yanta/水岸东方2期.html
万科城二期,/home/sk/lian_jia_data/report_form/city/xian/region/yanta/万科城二期.html
明德门(南新区),/home/sk/lian_jia_data/report_form/city/xian/region/yanta/明德门(南新区).html
西安市人民检察院吉祥村家属楼,/home/sk/lian_jia_data/report_form/city/xian/region/yanta/西安市人民检察院吉祥村家属楼.html
花园印象,/home/sk/lian_jia_data/report_form/city/xian/region/yanta/花园印象.html
金裕青青家园,/home/sk/lian_jia_data/report_form/city/xian/region/yanta/金裕青青家园.html
桃苑新世纪,/home/sk/lian_jia_data/report_form/city/xian/region/lintong/桃苑新世纪.html
万达西安ONE,/home/sk/lian_jia_data/report_form/city/xian/region/yanta/万达西安ONE.html
鸿景花园,/home/sk/lian_jia_data/report_form/city/xian/region/yanta/鸿景花园.html
丽融大厦,/home/sk/lian_jia_data/report_form/city/xian/region/yanta/丽融大厦.html
海关单位家属院,/home/sk/lian_jia_data/report_form/city/xian/region/yanta/海关单位家属院.html
罗马嘉园,/home/sk/lian_jia_data/report_form/city/xian/region/yanta/罗马嘉园.html
机械化公司家属院,/home/sk/lian_jia_data/report_form/city/xian/region/yanta/机械化公司家属院.html
唐園新苑,/home/sk/lian_jia_data/report_form/city/xian/region/yanta/唐園新苑.html
隆基泰和铂悦山,/home/sk/lian_jia_data/report_form/city/xian/region/lintong/隆基泰和铂悦山.html
临潼教师小区,/home/sk/lian_jia_data/report_form/city/xian/region/lintong/临潼教师小区.html
