gaoling1,https://xa.lianjia.com/ershoufang/gaoling1/pg1
gaoling1,https://xa.lianjia.com/ershoufang/gaoling1/pg2
gaoling1,https://xa.lianjia.com/ershoufang/gaoling1/pg3
gaoling1,https://xa.lianjia.com/ershoufang/gaoling1/pg4
gaoling1,https://xa.lianjia.com/ershoufang/gaoling1/pg5
gaoling1,https://xa.lianjia.com/ershoufang/gaoling1/pg6
gaoling1,https://xa.lianjia.com/ershoufang/gaoling1/pg7
gaoling1,https://xa.lianjia.com/ershoufang/gaoling1/pg8
gaoling1,https://xa.lianjia.com/ershoufang/gaoling1/pg9
gaoling1,https://xa.lianjia.com/ershoufang/gaoling1/pg10
gaoling1,https://xa.lianjia.com/ershoufang/gaoling1/pg11
gaoling1,https://xa.lianjia.com/ershoufang/gaoling1/pg12
gaoling1,https://xa.lianjia.com/ershoufang/gaoling1/pg13
gaoling1,https://xa.lianjia.com/ershoufang/gaoling1/pg14
gaoling1,https://xa.lianjia.com/ershoufang/gaoling1/pg15
gaoling1,https://xa.lianjia.com/ershoufang/gaoling1/pg16
gaoling1,https://xa.lianjia.com/ershoufang/gaoling1/pg17
gaoling1,https://xa.lianjia.com/ershoufang/gaoling1/pg18
gaoling1,https://xa.lianjia.com/ershoufang/gaoling1/pg19
gaoling1,https://xa.lianjia.com/ershoufang/gaoling1/pg20
gaoling1,https://xa.lianjia.com/ershoufang/gaoling1/pg21
gaoling1,https://xa.lianjia.com/ershoufang/gaoling1/pg22
gaoling1,https://xa.lianjia.com/ershoufang/gaoling1/pg23
gaoling1,https://xa.lianjia.com/ershoufang/gaoling1/pg24
gaoling1,https://xa.lianjia.com/ershoufang/gaoling1/pg25
gaoling1,https://xa.lianjia.com/ershoufang/gaoling1/pg26
gaoling1,https://xa.lianjia.com/ershoufang/gaoling1/pg27
gaoling1,https://xa.lianjia.com/ershoufang/gaoling1/pg28
gaoling1,https://xa.lianjia.com/ershoufang/gaoling1/pg29
gaoling1,https://xa.lianjia.com/ershoufang/gaoling1/pg30
gaoling1,https://xa.lianjia.com/ershoufang/gaoling1/pg31
gaoling1,https://xa.lianjia.com/ershoufang/gaoling1/pg32
gaoling1,https://xa.lianjia.com/ershoufang/gaoling1/pg33
gaoling1,https://xa.lianjia.com/ershoufang/gaoling1/pg34
gaoling1,https://xa.lianjia.com/ershoufang/gaoling1/pg35
gaoling1,https://xa.lianjia.com/ershoufang/gaoling1/pg36
gaoling1,https://xa.lianjia.com/ershoufang/gaoling1/pg37
gaoling1,https://xa.lianjia.com/ershoufang/gaoling1/pg38
gaoling1,https://xa.lianjia.com/ershoufang/gaoling1/pg39
gaoling1,https://xa.lianjia.com/ershoufang/gaoling1/pg40
gaoling1,https://xa.lianjia.com/ershoufang/gaoling1/pg41
gaoling1,https://xa.lianjia.com/ershoufang/gaoling1/pg42
gaoling1,https://xa.lianjia.com/ershoufang/gaoling1/pg43
gaoling1,https://xa.lianjia.com/ershoufang/gaoling1/pg44
gaoling1,https://xa.lianjia.com/ershoufang/gaoling1/pg45
gaoling1,https://xa.lianjia.com/ershoufang/gaoling1/pg46
gaoling1,https://xa.lianjia.com/ershoufang/gaoling1/pg47
gaoling1,https://xa.lianjia.com/ershoufang/gaoling1/pg48
gaoling1,https://xa.lianjia.com/ershoufang/gaoling1/pg49
gaoling1,https://xa.lianjia.com/ershoufang/gaoling1/pg50
gaoling1,https://xa.lianjia.com/ershoufang/gaoling1/pg51
gaoling1,https://xa.lianjia.com/ershoufang/gaoling1/pg52
gaoling1,https://xa.lianjia.com/ershoufang/gaoling1/pg53
gaoling1,https://xa.lianjia.com/ershoufang/gaoling1/pg54
gaoling1,https://xa.lianjia.com/ershoufang/gaoling1/pg55
gaoling1,https://xa.lianjia.com/ershoufang/gaoling1/pg56
gaoling1,https://xa.lianjia.com/ershoufang/gaoling1/pg57
gaoling1,https://xa.lianjia.com/ershoufang/gaoling1/pg58
gaoling1,https://xa.lianjia.com/ershoufang/gaoling1/pg59
gaoling1,https://xa.lianjia.com/ershoufang/gaoling1/pg60
gaoling1,https://xa.lianjia.com/ershoufang/gaoling1/pg61
gaoling1,https://xa.lianjia.com/ershoufang/gaoling1/pg62
gaoling1,https://xa.lianjia.com/ershoufang/gaoling1/pg63
gaoling1,https://xa.lianjia.com/ershoufang/gaoling1/pg64
gaoling1,https://xa.lianjia.com/ershoufang/gaoling1/pg65
gaoling1,https://xa.lianjia.com/ershoufang/gaoling1/pg66
gaoling1,https://xa.lianjia.com/ershoufang/gaoling1/pg67
gaoling1,https://xa.lianjia.com/ershoufang/gaoling1/pg68
gaoling1,https://xa.lianjia.com/ershoufang/gaoling1/pg69
gaoling1,https://xa.lianjia.com/ershoufang/gaoling1/pg70
gaoling1,https://xa.lianjia.com/ershoufang/gaoling1/pg71
gaoling1,https://xa.lianjia.com/ershoufang/gaoling1/pg72
gaoling1,https://xa.lianjia.com/ershoufang/gaoling1/pg73
gaoling1,https://xa.lianjia.com/ershoufang/gaoling1/pg74
gaoling1,https://xa.lianjia.com/ershoufang/gaoling1/pg75
gaoling1,https://xa.lianjia.com/ershoufang/gaoling1/pg76
gaoling1,https://xa.lianjia.com/ershoufang/gaoling1/pg77
gaoling1,https://xa.lianjia.com/ershoufang/gaoling1/pg78
gaoling1,https://xa.lianjia.com/ershoufang/gaoling1/pg79
gaoling1,https://xa.lianjia.com/ershoufang/gaoling1/pg80
gaoling1,https://xa.lianjia.com/ershoufang/gaoling1/pg81
gaoling1,https://xa.lianjia.com/ershoufang/gaoling1/pg82
gaoling1,https://xa.lianjia.com/ershoufang/gaoling1/pg83
gaoling1,https://xa.lianjia.com/ershoufang/gaoling1/pg84
gaoling1,https://xa.lianjia.com/ershoufang/gaoling1/pg85
gaoling1,https://xa.lianjia.com/ershoufang/gaoling1/pg86
gaoling1,https://xa.lianjia.com/ershoufang/gaoling1/pg87
gaoling1,https://xa.lianjia.com/ershoufang/gaoling1/pg88
gaoling1,https://xa.lianjia.com/ershoufang/gaoling1/pg89
gaoling1,https://xa.lianjia.com/ershoufang/gaoling1/pg90
gaoling1,https://xa.lianjia.com/ershoufang/gaoling1/pg91
gaoling1,https://xa.lianjia.com/ershoufang/gaoling1/pg92
gaoling1,https://xa.lianjia.com/ershoufang/gaoling1/pg93
